City,Cloudiness,Country,Date,Humidity,Lat,Lng,Max Temp,Wind Speed
Bluff,100,NZ,1583805411,97,-46.6,168.33,51.01,8.99
Roald,41,NO,1583805412,100,62.58,6.13,41.0,8.05
Talnakh,20,RU,1583805414,62,69.49,88.4,-14.8,8.95
Cockburn Town,60,TC,1583805415,73,21.46,-71.14,74.53,28.9
Denpasar,20,ID,1583805416,84,-8.65,115.22,86.0,6.93
Diego de Almagro,94,CL,1583805417,59,-26.37,-70.05,61.63,0.74
Andijan,75,UZ,1583805418,48,40.78,72.34,46.0,2.24
Vaini,75,TO,1583805419,74,-21.2,-175.2,84.2,9.17
Severo-Kuril'sk,100,RU,1583805421,88,50.68,156.12,27.07,16.62
Tiksi,78,RU,1583805279,86,71.69,128.87,-26.27,3.09
Lorengau,100,PG,1583805426,75,-2.02,147.27,84.43,16.24
Busselton,73,AU,1583805220,32,-33.65,115.33,79.0,2.66
Wahiawā,90,US,1583805306,77,21.5,-158.02,78.8,8.05
Shubarshi,38,KZ,1583805429,73,48.59,57.19,30.0,7.56
East London,94,ZA,1583805224,87,-33.02,27.91,71.01,6.31
Tuatapere,100,NZ,1583805295,97,-46.13,167.68,51.01,8.99
Barcelos,20,PT,1583805433,100,41.54,-8.62,46.99,2.48
Diré,19,ML,1583805434,12,12.28,-10.97,74.86,0.92
Santa Rosa,40,PH,1583805435,70,14.31,121.11,87.8,4.7
Hilo,20,US,1583805259,61,19.73,-155.09,77.0,12.75
Punta Arenas,40,CL,1583805240,61,-53.15,-70.92,50.0,12.75
Olinda,38,BR,1583805438,69,-8.01,-34.86,82.4,5.82
Victoria Point,75,AU,1583805440,78,-27.58,153.3,77.0,13.87
Cape Town,20,ZA,1583805441,77,-33.93,18.42,64.0,2.24
Anadyr,40,RU,1583805442,70,64.75,177.48,1.4,13.42
Malinyi,100,TZ,1583805443,97,-8.93,36.13,72.7,1.72
San Quintín,100,MX,1583805145,86,30.48,-115.95,56.43,6.08
Camaná,93,PE,1583805445,83,-16.62,-72.71,68.2,4.32
Bredasdorp,75,ZA,1583805447,87,-34.53,20.04,63.0,2.24
Hithadhoo,27,MV,1583805448,77,-0.6,73.08,83.7,13.78
Jinchang,0,CN,1583805449,20,38.5,102.17,35.44,8.52
Nantucket,1,US,1583805450,81,41.28,-70.1,48.99,18.34
Saint Paul Harbor,75,US,1583805451,69,57.79,-152.41,37.4,14.99
Ancud,71,CL,1583805452,89,-41.87,-73.82,51.94,3.98
Chai Badan,2,TH,1583805453,62,15.2,101.13,89.01,13.06
Comodoro Rivadavia,100,AR,1583805186,87,-45.87,-67.5,59.0,7.65
Hermanus,87,ZA,1583805456,87,-34.42,19.23,63.0,3.0
Saldanha,100,ZA,1583805457,77,-33.01,17.94,62.6,6.93
Rikitea,7,PF,1583805458,83,-23.12,-134.97,78.53,12.15
Albany,40,US,1583805183,32,42.6,-73.97,59.0,3.36
Qaanaaq,0,GL,1583805460,67,77.48,-69.36,-29.4,4.79
Mataura,100,NZ,1583805244,97,-46.19,168.86,51.01,8.99
Sistranda,75,NO,1583805463,93,63.73,8.83,37.99,3.36
Orzhytsya,22,UA,1583805464,88,49.79,32.7,46.67,6.51
Zhangaözen,0,KZ,1583805465,31,43.3,52.8,36.86,11.74
Ushuaia,90,AR,1583805183,87,-54.8,-68.3,46.4,26.4
Nikolskoye,38,RU,1583805216,80,59.7,30.79,35.6,6.71
Sawtell,90,AU,1583805468,78,-30.38,153.1,75.2,12.75
Barrow,1,US,1583805469,75,71.29,-156.79,-16.6,5.82
Esperance,40,AU,1583805296,72,-33.87,121.9,68.0,9.17
Butaritari,100,KI,1583805213,79,3.07,172.79,84.74,16.75
Naviraí,0,BR,1583805473,78,-23.07,-54.19,70.0,1.88
Atuona,0,PF,1583805219,67,-9.8,-139.03,81.86,15.19
Kanjiža,100,RS,1583805475,68,46.07,20.05,40.86,6.8
Belmonte,75,BR,1583805476,94,-15.86,-38.88,75.2,4.7
Neuquén,0,AR,1583805478,25,-38.95,-68.06,71.02,10.33
Antofagasta,72,CL,1583805468,77,-23.65,-70.4,68.0,8.05
Hobart,20,AU,1583805480,45,-42.88,147.33,69.01,4.7
Loandjili,75,CG,1583805481,88,-4.76,11.86,78.8,2.24
Yellowknife,20,CA,1583805450,65,62.46,-114.35,10.0,4.7
Uglovskoye,100,RU,1583805483,94,51.36,80.19,26.38,11.77
Dikson,68,RU,1583805484,90,73.51,80.55,-13.32,23.4
Kota Belud,40,MY,1583805486,94,6.35,116.43,82.0,5.82
Rødbyhavn,99,DK,1583805487,87,54.65,11.35,42.01,7.0
Zonguldak,81,TR,1583805488,76,41.25,31.83,49.1,6.2
Katsuura,90,JP,1583805489,93,35.13,140.3,60.01,5.82
Itaituba,100,BR,1583805490,98,-4.28,-55.98,73.24,0.96
Río Cuarto,20,AR,1583805491,82,-33.13,-64.35,68.0,10.29
Wilmington,90,US,1583805492,72,34.23,-77.94,62.6,6.93
Sittwe,0,MM,1583805363,51,20.15,92.9,74.88,9.4
Kapaa,90,US,1583805220,64,22.08,-159.32,77.0,8.05
Balakhninskiy,100,RU,1583805496,92,58.01,114.28,13.57,4.47
Ponta do Sol,40,PT,1583805497,72,32.67,-17.1,60.8,17.22
Castro,0,BR,1583805247,97,-24.79,-50.01,60.44,5.14
Moree,75,AU,1583805499,53,-29.47,149.85,77.0,12.75
Hasaki,75,JP,1583805500,93,35.73,140.83,60.8,3.36
Nicoya,43,CR,1583805502,51,10.15,-85.45,84.2,26.4
Solon,75,US,1583805503,54,41.39,-81.44,60.8,12.39
Kavaratti,38,IN,1583805258,65,10.57,72.64,81.99,5.26
Jamestown,20,US,1583805240,47,42.1,-79.24,57.2,8.05
Port Alfred,75,ZA,1583805462,98,-33.59,26.89,66.0,2.55
Lebu,30,CL,1583805233,83,-37.62,-73.65,53.35,4.65
Vila Velha,75,BR,1583805463,88,-20.33,-40.29,77.0,5.82
Sitka,90,US,1583805267,80,57.05,-135.33,39.2,11.41
Saint George,1,US,1583805275,37,37.1,-113.58,63.0,5.82
Ust-Nera,98,RU,1583805512,93,64.57,143.2,-15.27,4.25
Ulety,65,RU,1583805513,80,51.36,112.48,14.49,6.42
Guerrero Negro,100,MX,1583805461,52,27.98,-114.06,65.84,9.82
Oktyabr'skiy,100,RU,1583805515,96,54.48,53.47,34.09,0.45
Kamaishi,75,JP,1583805516,100,39.27,141.88,51.8,5.82
Poum,52,NC,1583805517,77,-20.23,164.02,82.13,16.8
Pisco,40,PE,1583805467,88,-13.7,-76.22,73.4,13.87
Vilyuysk,100,RU,1583805520,92,63.76,121.62,-6.36,4.38
Mar del Plata,100,AR,1583805463,77,-38.0,-57.56,62.01,9.17
Avarua,100,CK,1583805486,74,-21.21,-159.78,84.2,6.93
Sakhipur,0,BD,1583805523,72,24.3,90.18,66.2,2.64
Rocha,0,UY,1583805524,92,-34.48,-54.33,59.36,5.86
Dunedin,100,NZ,1583805525,90,-45.87,170.5,55.0,20.33
Lantawan,20,PH,1583805526,70,10.62,123.98,84.2,8.05
Torbay,5,CA,1583805528,55,47.67,-52.73,12.99,23.04
Vicksburg,75,US,1583805529,100,32.35,-90.88,64.4,11.41
Ilulissat,96,GL,1583805530,61,69.22,-51.1,14.0,21.92
Mahajanga,20,MG,1583805531,94,-15.72,46.32,77.0,2.24
Carnarvon,75,AU,1583805234,83,-24.87,113.63,78.8,10.29
Naze,75,JP,1583805533,77,28.37,129.48,69.8,18.34
Hualmay,0,PE,1583805249,71,-11.1,-77.61,71.4,4.0
Mahébourg,75,MU,1583805535,94,-20.41,57.7,77.0,19.46
Tuktoyaktuk,75,CA,1583805537,75,69.45,-133.04,-14.8,6.93
Taksimo,100,RU,1583805538,85,56.34,114.88,6.15,2.98
Quatre Cocos,75,MU,1583805484,94,-20.21,57.76,77.0,19.46
Maceió,98,BR,1583805317,78,-9.67,-35.74,77.0,4.7
Formosa do Rio Preto,95,BR,1583805541,97,-11.05,-45.19,71.55,2.24
Srednekolymsk,100,RU,1583805249,90,67.45,153.68,-8.88,5.46
Rundu,1,NA,1583805543,76,-17.93,19.77,63.48,1.01
Ust-Tsilma,100,RU,1583805544,93,65.44,52.15,32.43,10.49
Bima,75,ID,1583805546,64,-8.47,118.72,87.13,2.57
Vardø,33,NO,1583805547,81,70.37,31.11,35.31,29.82
Majene,34,ID,1583805548,51,-3.54,118.97,91.6,0.22
Borazjan,0,IR,1583805549,17,29.27,51.22,61.18,9.69
Riyadh,0,SA,1583805260,50,24.69,46.72,55.4,2.24
Turaif,0,SA,1583805551,58,31.67,38.66,55.4,10.29
Saskylakh,0,RU,1583805456,92,71.92,114.08,-28.59,3.49
Boyolangu,100,ID,1583805554,73,-8.12,111.89,84.67,7.05
Port Elizabeth,90,ZA,1583805555,93,-33.92,25.57,64.4,10.29
Lalibela,100,ET,1583805556,55,12.03,39.03,60.04,1.05
Albemarle,1,US,1583805557,66,35.35,-80.2,60.8,6.53
Ucluelet,90,CA,1583805261,75,48.93,-125.55,45.0,10.29
Faanui,88,PF,1583805559,75,-16.48,-151.75,83.32,10.8
Norman Wells,75,CA,1583805560,65,65.28,-126.83,3.2,3.36
Fairbanks,75,US,1583805334,71,64.84,-147.72,8.6,3.36
Ribeira Grande,100,PT,1583805563,83,38.52,-28.7,58.17,17.18
Khani,100,GE,1583805482,40,41.96,42.96,62.6,29.97
Srandakan,80,ID,1583805443,71,-7.94,110.25,84.33,8.57
Dwārka,0,IN,1583805566,72,22.24,68.97,73.38,13.73
Shelburne,90,CA,1583805567,71,44.08,-80.2,55.4,17.22
Ghorāwal,0,IN,1583805568,28,24.77,82.78,71.55,5.19
Paracale,0,PH,1583805570,80,14.28,122.79,80.33,8.01
Itaqui,0,BR,1583805571,35,-29.13,-56.55,79.86,8.28
Santa Barbara,90,US,1583805341,45,34.42,-119.7,64.99,3.36
Tasiilaq,100,GL,1583805573,44,65.61,-37.64,21.2,28.86
Kavieng,100,PG,1583805483,70,-2.57,150.8,84.7,9.66
Champerico,0,GT,1583805575,73,14.3,-91.92,78.75,6.49
Puerto Ayora,0,EC,1583805577,100,-0.74,-90.35,81.0,7.0
Grande Prairie,20,CA,1583805578,46,55.17,-118.8,30.2,12.75
Yangi Marg`ilon,40,UZ,1583805579,51,40.43,71.72,42.8,4.7
Port Lincoln,0,AU,1583805580,44,-34.73,135.87,74.61,9.48
Vanderhoof,100,CA,1583805581,78,54.02,-124.02,28.49,5.44
Coquimbo,75,CL,1583805582,88,-29.95,-71.34,62.6,6.93
Boda,57,CF,1583805583,74,4.32,17.47,73.76,4.27
Cidreira,0,BR,1583805584,77,-30.18,-50.21,75.31,12.24
Arraial do Cabo,20,BR,1583805321,94,-22.97,-42.03,73.4,2.24
Manta,75,EC,1583805587,88,-0.95,-80.73,78.8,2.24
Dawlatabad,0,AF,1583805588,55,36.41,64.91,40.14,1.61
Mizdah,52,LY,1583805589,44,31.45,12.98,47.77,7.16
Bethel,1,US,1583805590,66,41.37,-73.41,63.0,6.93
Havelock,20,US,1583805591,82,34.88,-76.9,59.0,6.93
Jalu,0,LY,1583805592,76,29.03,21.55,52.66,3.18
Meulaboh,98,ID,1583805376,74,4.14,96.13,84.33,8.84
New Norfolk,20,AU,1583805595,45,-42.78,147.06,69.01,4.7
Cornwall,90,CA,1583805505,46,45.02,-74.73,53.6,13.87
Dingle,1,PH,1583805323,63,11.0,122.67,85.41,7.92
Mitsamiouli,100,KM,1583805598,73,-11.38,43.28,83.1,2.06
Cabo San Lucas,90,MX,1583805471,57,22.89,-109.91,80.01,5.82
Souillac,75,MU,1583805600,94,-20.52,57.52,77.0,19.46
Inta,100,RU,1583805602,95,66.03,60.17,31.57,24.65
Atar,0,MR,1583805603,13,20.52,-13.05,70.92,14.9
Kangaatsiaq,100,GL,1583805604,98,68.31,-53.46,10.11,24.0
Aklavik,90,CA,1583805606,69,68.22,-135.01,-11.2,8.05
Nha Trang,20,VN,1583805507,89,12.25,109.18,84.2,4.72
Biak,2,ID,1583805608,71,-0.91,122.88,84.33,4.05
Port Moresby,40,PG,1583805488,62,-9.44,147.18,89.6,17.22
Lodja,100,CD,1583805610,99,-3.48,23.43,68.9,0.96
Kahului,90,US,1583805611,100,20.89,-156.47,78.8,20.8
Arrecife,0,ES,1583805512,77,28.96,-13.55,62.6,9.17
Sokolo,100,ML,1583805614,8,14.73,-6.12,77.04,14.0
George Town,20,MY,1583805482,74,5.41,100.34,86.0,2.24
Shingū,75,JP,1583805616,82,33.73,135.98,59.0,18.34
Kirakira,100,SB,1583805617,82,-10.45,161.92,80.65,11.25
Bengkulu,100,ID,1583805618,59,-3.8,102.27,87.12,3.36
Moerai,100,PF,1583805620,73,-22.43,-151.33,80.38,8.66
Upernavik,71,GL,1583805621,98,72.79,-56.15,-27.89,8.84
Zyryanka,100,RU,1583805501,89,65.75,150.85,-9.06,8.46
Kortkeros,75,RU,1583805623,100,61.81,51.58,33.8,6.71
Klaksvík,100,FO,1583805624,80,62.23,-6.59,41.0,16.11
Havøysund,75,NO,1583805471,90,71.0,24.66,37.4,11.41
Mae Sai,0,TH,1583805626,77,20.43,99.88,71.01,4.7
Chokurdakh,95,RU,1583805628,94,70.63,147.92,-21.62,5.79
Nuuk,100,GL,1583805632,42,64.18,-51.72,26.6,12.75
Yenagoa,77,NG,1583805633,92,4.92,6.26,78.37,3.56
Merbes-le-Château,75,BE,1583805634,93,50.32,4.17,44.6,21.92
Khatanga,0,RU,1583805635,95,71.97,102.5,-26.41,4.94
North Platte,1,US,1583805636,75,41.12,-100.77,43.0,4.7
Kargasok,83,RU,1583805637,92,59.06,80.86,1.49,15.32
Ouricuri,57,BR,1583805638,86,-7.88,-40.08,72.81,2.01
Taywarah,100,AF,1583805640,92,33.35,64.42,22.87,3.56
Vila,100,PT,1583805641,100,42.03,-8.16,50.0,1.12
Iqaluit,20,CA,1583805642,68,63.75,-68.51,-20.2,16.11
Coahuayana Viejo,40,MX,1583805643,78,18.73,-103.68,77.0,5.82
Leningradskiy,100,RU,1583805644,87,69.38,178.42,-8.77,2.19
Bayan,97,CN,1583805645,84,46.08,127.4,27.81,10.85
Valdivia,20,CL,1583805646,67,-39.81,-73.25,59.0,3.36
Greece,75,US,1583805648,72,43.21,-77.69,57.0,4.7
Lavrentiya,26,RU,1583805649,95,65.58,-171.0,-8.88,5.53
Deming,1,US,1583805650,50,32.27,-107.76,64.4,3.67
Port Hedland,0,AU,1583805651,55,-20.32,118.57,91.4,4.7
Les Cayes,0,HT,1583805518,69,18.2,-73.75,78.37,2.26
Bilma,0,NE,1583805653,21,18.69,12.92,67.86,7.76
Saint-Philippe,36,RE,1583805654,88,-21.36,55.77,78.8,25.28
Ossora,100,RU,1583805656,92,59.24,163.07,14.11,6.91
Constitución,0,CL,1583805657,57,-35.33,-72.42,59.7,6.44
Mayo,1,US,1583805472,41,38.89,-76.51,64.99,9.17
Bubaque,100,GW,1583805659,68,11.28,-15.83,79.7,12.1
Laramie,20,US,1583805425,44,41.31,-105.59,48.2,13.87
Cayenne,20,GF,1583805371,78,4.93,-52.33,78.8,9.17
Tura,0,IN,1583805662,33,25.52,90.22,77.41,3.18
Otradnoye,60,RU,1583805663,80,59.78,30.82,35.6,6.71
Anloga,20,GH,1583805665,83,5.79,0.9,84.2,9.17
Dakar,10,SN,1583805403,88,14.69,-17.44,71.6,17.22
Chico,40,US,1583805667,39,39.73,-121.84,66.2,8.05
Charagua,45,BO,1583805668,53,-19.8,-63.22,76.15,1.74
Jasper,90,US,1583805669,87,37.2,-94.35,50.0,9.17
Shorāpur,0,IN,1583805670,49,16.52,76.75,79.72,6.62
Dalvik,90,IS,1583805672,92,65.97,-18.53,23.0,8.05
Lázaro Cárdenas,37,MX,1583805673,80,17.96,-102.2,74.84,3.2
Ranong,20,TH,1583805674,94,9.97,98.63,78.8,2.71
Namikupa,100,TZ,1583805675,97,-10.83,39.6,71.92,0.31
Sioux Falls,1,US,1583805646,79,43.55,-96.7,28.99,4.7
Chui,0,UY,1583805677,91,-33.7,-53.46,67.14,6.82
Narsaq,100,GL,1583805473,49,60.92,-46.05,23.0,6.93
Padang,13,ID,1583805680,56,-0.95,100.35,82.27,2.86
Katubao,40,PH,1583805681,70,5.89,124.83,86.0,9.17
Margate,75,GB,1583805682,93,51.38,1.39,52.0,18.34
Deputatsky,72,RU,1583805683,89,69.3,139.9,-20.22,1.45
Kirkuk,98,IQ,1583805684,28,35.47,44.39,56.48,8.75
Maningrida,0,AU,1583805685,68,-12.07,134.27,83.71,3.87
Alegrete,0,BR,1583805687,37,-29.78,-55.79,77.02,4.47
Susuman,92,RU,1583805688,81,62.78,148.17,-8.1,2.46
Manyana,0,BW,1583805689,48,-23.4,21.72,67.62,7.25
São João da Barra,0,BR,1583805690,84,-21.64,-41.05,75.72,7.31
Prattville,1,US,1583805691,59,32.46,-86.46,64.4,4.7
Kungurtug,100,RU,1583805692,81,50.6,97.52,18.72,1.39
Verāval,38,IN,1583805693,63,20.9,70.37,72.99,7.31
Brae,98,GB,1583805695,93,60.4,-1.35,42.8,14.99
San Patricio,75,MX,1583805495,83,19.22,-104.7,80.6,5.82
Atyrau,7,KZ,1583805598,68,47.12,51.88,26.6,4.47
Mount Gambier,0,AU,1583805494,49,-37.83,140.77,68.0,11.41
Lüderitz,0,NA,1583805699,88,-26.65,15.16,62.6,12.75
Puerto Escondido,5,MX,1583805700,83,15.85,-97.07,82.4,3.2
Kurikka,75,FI,1583805701,93,62.62,22.42,39.0,6.93
Dāhānu,7,IN,1583805703,72,19.97,72.73,75.42,10.96
Port Hardy,90,CA,1583805704,52,50.7,-127.42,44.6,2.24
Grand Gaube,75,MU,1583805705,94,-20.01,57.66,77.0,19.46
Along,0,IN,1583805706,57,28.17,94.77,69.21,0.36
Grindavik,100,IS,1583805707,58,63.84,-22.43,28.4,17.22
Gambēla,45,ET,1583805711,53,8.25,34.58,79.18,2.42
Pangnirtung,100,CA,1583805713,97,66.15,-65.71,-28.28,2.39
Onega,100,RU,1583805714,93,63.91,38.14,33.93,8.57
Banda Aceh,100,ID,1583805421,70,5.56,95.32,84.16,3.2
Diamantino,100,BR,1583805716,85,-14.41,-56.45,73.35,3.2
Cap Malheureux,75,MU,1583805717,94,-19.98,57.61,77.0,19.46
Whitley Bay,75,GB,1583805718,87,55.04,-1.45,50.0,18.34
Visnes,100,NO,1583805720,86,59.36,5.22,42.01,19.46
Adrar,14,MR,1583805721,13,20.5,-10.07,66.43,12.53
Saint-Pierre,2,RE,1583805722,88,-21.34,55.48,78.8,25.28
Panabá,67,MX,1583805723,71,21.28,-88.27,73.24,12.37
Yeppoon,75,AU,1583805724,61,-23.13,150.73,82.4,12.75
Isla Mujeres,75,MX,1583805725,64,21.23,-86.73,75.2,6.93
Perth,92,AU,1583805608,39,-31.93,115.83,84.99,8.05
Arona,0,ES,1583805497,63,28.1,-16.68,68.0,3.36
Awjilah,0,LY,1583805729,76,29.11,21.29,52.66,3.18
Aswān,0,EG,1583805730,30,24.09,32.91,66.47,9.82
Khandyga,100,RU,1583805731,85,62.67,135.6,-0.31,5.12
Glens Falls,40,US,1583805732,49,43.31,-73.64,57.0,3.18
Jönköping,75,SE,1583805734,93,57.78,14.16,39.99,6.93
Teahupoo,75,PF,1583805735,62,-17.83,-149.27,87.8,6.93
Bilibino,98,RU,1583805552,92,68.05,166.44,-3.82,1.52
Xai-Xai,0,MZ,1583805737,96,-25.05,33.64,68.23,3.56
Bayir,75,TR,1583805718,93,37.27,28.22,53.6,11.41
Isangel,40,VU,1583805739,66,-19.55,169.27,87.8,9.17
Caucayá,51,CO,1583805740,88,-0.19,-74.78,74.98,1.1
Sachīn,40,IN,1583805741,78,21.08,72.88,73.4,3.36
Nabire,59,ID,1583805743,64,-3.37,135.48,86.52,6.96
Quryq,0,KZ,1583805744,58,43.2,51.65,47.77,25.59
São Filipe,0,CV,1583805467,79,14.9,-24.5,70.54,6.69
Ketchikan,90,US,1583805746,93,55.34,-131.65,37.4,28.86
Tauá,100,BR,1583805747,94,-5.97,-40.3,71.35,2.35
Omboué,99,GA,1583805748,94,-1.57,9.26,76.48,1.19
Talara,18,PE,1583805491,89,-4.58,-81.27,77.11,7.0
East Hemet,75,US,1583805751,34,33.74,-116.94,71.6,18.34
Hurricane,20,US,1583805752,42,37.18,-113.29,63.0,9.17
Caldwell,90,US,1583805753,59,43.66,-116.69,51.8,4.7
Provideniya,25,RU,1583805754,77,64.38,-173.3,5.0,4.47
Sioux Lookout,20,CA,1583805755,61,50.1,-91.92,19.4,2.24
Yulara,0,AU,1583805756,13,-25.24,130.99,87.8,11.41
Bandarbeyla,0,SO,1583805757,73,9.49,50.81,76.82,14.74
Óbidos,100,BR,1583805759,88,-1.92,-55.52,76.32,6.2
Kuytun,100,RU,1583805760,79,54.34,101.5,26.01,10.89
Port Huron,90,US,1583805761,71,42.97,-82.42,55.99,9.17
Geraldton,0,AU,1583805762,21,-28.77,114.6,95.0,17.22
Berdigestyakh,100,RU,1583805763,90,62.1,126.7,11.5,0.36
Pontian Kecil,75,MY,1583805764,74,1.48,103.39,84.2,4.7
Barzas,90,RU,1583805766,85,55.72,86.32,23.0,13.42
Faya,0,SA,1583805767,27,18.39,42.45,55.4,1.79
Nome,1,US,1583805768,64,64.5,-165.41,0.0,2.15
Shebunino,100,RU,1583805769,86,46.43,141.86,35.38,3.4
Pedasí,38,PA,1583805770,78,7.53,-80.03,77.2,21.83
Haines Junction,82,CA,1583805725,98,60.75,-137.51,13.59,4.52
Álamos,100,MX,1583805772,65,27.02,-108.93,75.0,1.01
Mehamn,67,NO,1583805498,85,71.04,27.85,31.6,13.02
Dossor,76,KZ,1583805775,44,47.53,52.98,38.05,9.22
Belaya Gora,27,RU,1583805776,89,68.53,146.42,-16.73,4.56
Hong Kong,20,HK,1583805594,56,22.29,114.16,75.0,13.87
Bac Lieu,0,VN,1583805770,41,9.29,105.72,92.59,5.17
Skjervøy,100,NO,1583805779,92,70.03,20.97,36.05,32.03
Sambava,97,MG,1583805780,96,-14.27,50.17,72.77,2.01
Severnyy,99,RU,1583805506,66,50.68,36.55,51.8,11.18
La Ronge,5,CA,1583805783,64,55.1,-105.28,-2.2,3.36
Bagdarin,100,RU,1583805784,68,54.43,113.6,14.49,4.25
Chapais,90,CA,1583805785,85,49.78,-74.85,12.2,11.41
Westport,1,US,1583805786,66,41.14,-73.36,63.0,6.93
Livingstonia,100,MW,1583805787,92,-10.61,34.11,58.08,2.59
Fort Nelson,75,CA,1583805608,29,58.81,-122.7,39.2,4.7
Tortolì,20,IT,1583805789,81,39.93,9.66,51.8,25.28
Mossamedes,43,AO,1583805791,86,-15.2,12.15,77.5,3.78
Vao,0,NC,1583805792,69,-22.67,167.48,80.35,11.36
Fortuna,1,US,1583805668,71,40.6,-124.16,55.99,11.41
Rāvar,0,IR,1583805794,24,31.27,56.81,41.16,11.86
Presidente Dutra,100,BR,1583805795,98,-5.29,-44.49,71.89,1.92
Alyangula,90,AU,1583805796,79,-13.85,136.42,86.0,8.05
Praia,0,CV,1583805518,53,14.92,-23.51,71.6,6.93
Kasungu,100,MW,1583805799,98,-13.03,33.48,62.26,2.13
Kristinestad,86,FI,1583805691,93,62.27,21.38,34.9,7.34
Camas,0,ES,1583805629,51,37.4,-6.03,59.0,3.36
Portland,1,US,1583805750,46,45.52,-122.68,55.4,1.95
Gushikawa,75,JP,1583805803,73,26.35,127.87,69.8,17.22
Port-Gentil,69,GA,1583805804,82,-0.72,8.78,82.51,10.09
Malaya Vishera,100,RU,1583805805,94,58.85,32.22,35.47,4.56
Tlaxco,40,MX,1583805806,26,19.62,-98.12,69.8,12.75
Tilichiki,99,RU,1583805808,90,60.47,166.1,8.76,7.52
Safi,0,MA,1583805809,64,32.3,-9.24,50.61,11.07
Tazovsky,62,RU,1583805810,90,67.47,78.7,-8.81,14.56
Beaupré,90,CA,1583805811,79,47.04,-70.9,21.99,20.8
Andapa,100,MG,1583805812,96,-14.65,49.65,68.14,2.82
Goderich,100,CA,1583805813,84,43.75,-81.72,53.01,18.9
Beringovskiy,99,RU,1583805815,92,63.05,179.32,5.49,7.87
Makakilo City,90,US,1583805535,77,21.35,-158.09,78.8,8.05
Santiago del Estero,53,AR,1583805817,36,-27.8,-64.26,84.56,9.13
El Alto,21,PE,1583805818,71,-4.27,-81.21,76.26,4.79
Codrington,0,AU,1583805775,74,-38.27,141.97,60.26,15.61
Chudniv,99,UA,1583805820,95,50.05,28.12,40.17,5.59
Northam,100,GB,1583805821,100,51.03,-4.22,54.0,14.0
Port Hawkesbury,90,CA,1583805823,62,45.62,-61.35,26.01,4.7
Bathsheba,75,BB,1583805824,83,13.22,-59.52,75.2,20.8
Husavik,90,IS,1583805825,92,66.04,-17.34,23.0,8.05
Dhārchula,0,IN,1583805826,25,29.85,80.53,43.75,4.5
Garden City,90,US,1583805798,66,42.33,-83.33,57.99,11.41
Necochea,100,AR,1583805648,88,-38.55,-58.74,55.0,8.52
Duki,89,PK,1583805829,45,30.15,68.57,55.33,2.8
Todos Santos,90,MX,1583805831,34,23.45,-110.22,80.01,14.99
Ulm,20,DE,1583805832,80,48.4,9.99,39.99,5.82
Hobyo,45,SO,1583805833,78,5.35,48.53,75.18,11.01
Berlevåg,57,NO,1583805834,76,70.86,29.09,36.79,20.87
Amahai,100,ID,1583805559,72,-3.33,128.92,83.3,2.51
Cherskiy,100,RU,1583805836,94,68.75,161.3,-4.72,5.77
Ulladulla,75,AU,1583805837,60,-35.35,150.47,71.6,12.75
Airai,100,TL,1583805838,86,-8.93,125.41,76.23,2.71
Tateyama,90,JP,1583805703,100,34.98,139.87,59.0,2.24
Hamilton,40,US,1583805781,48,39.18,-84.53,62.6,16.11
Ojinaga,1,MX,1583805842,35,29.57,-104.42,73.4,5.5
Mastic Beach,1,US,1583805843,66,40.77,-72.85,53.01,6.93
Wau,39,SS,1583805844,51,7.7,28.0,75.56,2.48
Valley City,90,US,1583805845,92,46.92,-98.0,21.2,1.57
Port Macquarie,40,AU,1583805846,100,-31.43,152.92,69.01,8.05
Beitbridge,0,ZW,1583805847,79,-22.22,30.0,67.33,11.88
Senneterre,90,CA,1583805849,100,48.38,-77.23,26.6,4.7
Sanandij,62,IR,1583805850,36,35.31,46.99,34.32,2.48
Balkanabat,0,TM,1583805851,21,39.51,54.37,40.8,9.69
Pemangkat,0,ID,1583805852,60,1.17,108.97,86.29,2.08
Halifax,90,CA,1583805582,86,44.65,-63.57,32.0,8.05
Praia da Vitória,40,PT,1583805854,67,38.73,-27.07,62.6,23.6
Yichang,90,CN,1583805856,49,30.71,111.28,58.51,3.96
Cotacachi,40,EC,1583805857,93,0.3,-78.27,59.0,5.82
Inuvik,90,CA,1583805858,69,68.35,-133.72,-11.2,8.05
Batemans Bay,86,AU,1583805859,68,-35.72,150.18,71.01,7.0
Thompson,20,CA,1583805860,76,55.74,-97.86,-7.6,4.7
Laas,41,IT,1583805861,92,46.62,10.7,28.4,3.36
Ekhabi,0,RU,1583805862,81,53.51,142.97,18.68,8.84
Al Bardīyah,0,LY,1583805864,71,31.76,25.09,57.18,8.1
Shepsi,100,RU,1583805865,65,44.04,39.15,56.03,9.55
Saint-Leu,54,RE,1583805866,88,-21.15,55.28,78.8,25.28
Inza,85,RU,1583805867,98,53.85,46.36,36.3,3.29
Kropotkin,100,RU,1583805868,68,45.44,40.58,49.66,12.06
Bulnes,0,CL,1583805869,27,-36.74,-72.3,73.4,4.7
Saint-Augustin,0,CA,1583805870,81,51.23,-58.65,1.45,22.37
Concordia,0,AR,1583805872,62,-31.39,-58.02,79.0,12.28
Arauca,91,CO,1583805783,56,7.08,-70.76,78.75,3.83
Doha,0,QA,1583805759,63,25.29,51.53,64.4,4.7
Key West,75,US,1583805875,69,24.56,-81.78,73.4,20.8
Chiredzi,0,ZW,1583805876,83,-21.05,31.67,63.91,2.39
Gamba,88,GA,1583805877,90,-2.65,10.0,78.98,0.6
Bharwāri,34,IN,1583805879,32,25.55,81.5,69.42,3.11
Cintalapa,80,MX,1583805880,86,16.7,-93.73,67.89,2.68
Charlestown,40,AU,1583805881,57,-32.95,151.67,78.01,12.75
Paamiut,36,GL,1583805882,57,61.99,-49.67,14.4,6.58
Aracati,62,BR,1583805883,92,-4.56,-37.77,76.64,1.9
Tual,61,ID,1583805884,80,-5.67,132.75,82.58,13.09
Nishihara,75,JP,1583805885,73,26.18,127.76,69.8,17.22
Uusikaupunki,90,FI,1583805799,100,60.8,21.41,39.99,4.7
Ayan,0,RU,1583805888,71,56.45,138.17,13.96,3.22
Mount Isa,13,AU,1583805606,29,-20.73,139.5,89.6,8.05
Monticello,96,US,1583805709,82,45.31,-93.79,36.0,4.7
Port Blair,64,IN,1583805715,71,11.67,92.75,79.41,6.96
Haapiti,75,PF,1583805892,62,-17.57,-149.87,87.8,6.93
Waipawa,89,NZ,1583805893,77,-41.41,175.52,66.99,11.41
Durban,40,ZA,1583805610,88,-29.86,31.03,73.0,3.36
Tongchuanshi,93,CN,1583805896,20,35.08,109.09,45.75,6.89
Monte Alto,0,BR,1583805897,79,-21.26,-48.5,68.32,5.28
St. George's,20,GD,1583805676,78,12.06,-61.75,78.8,11.41
Kieta,92,PG,1583805899,79,-6.22,155.63,83.68,12.97
Kaitangata,100,NZ,1583805900,91,-46.28,169.85,55.0,8.01
Itoman,75,JP,1583805901,73,26.12,127.67,69.8,17.22
Nipawin,1,CA,1583805902,77,53.37,-104.0,6.8,5.82
Nova Russas,100,BR,1583805904,96,-4.71,-40.56,73.22,1.05
Río Gallegos,99,AR,1583805905,62,-51.62,-69.22,55.4,8.05
Alofi,100,NU,1583805906,76,-19.06,-169.92,80.96,3.4
Talcahuano,0,CL,1583805907,72,-36.72,-73.12,64.4,4.7
Snåase,91,NO,1583805908,97,64.25,12.38,21.58,2.51
Sørland,68,NO,1583805909,74,67.67,12.69,38.59,19.98
The Pas,1,CA,1583805628,77,53.83,-101.25,-0.4,2.24
Chākuliā,20,IN,1583805912,82,22.48,86.72,62.6,3.0
Oranjemund,100,NA,1583805913,89,-28.55,16.43,62.04,9.08
San Luis,0,AR,1583805914,41,-33.3,-66.34,78.48,24.34
Ternate,0,ID,1583805915,55,0.8,127.4,88.32,5.55
Baykit,58,RU,1583805916,88,61.67,96.37,-5.35,3.6
Bhuj,0,IN,1583805917,57,23.27,69.67,70.2,12.66
Zhangye,0,CN,1583805919,21,38.93,100.45,39.74,5.21
Zhigansk,100,RU,1583805920,92,66.77,123.37,-16.62,15.05
Flinders,75,AU,1583805921,60,-34.58,150.86,75.0,12.75
Rockhampton,75,AU,1583805922,61,-23.38,150.5,82.4,12.75
Broken Hill,40,AU,1583805923,44,-31.95,141.43,80.6,8.05
Auki,100,SB,1583805924,81,-8.77,160.7,82.18,10.0
Gravdal,34,NO,1583805925,82,68.12,13.5,36.77,17.85
Harper,100,LR,1583805927,95,4.38,-7.72,77.41,2.46
Kanye,0,BW,1583805928,52,-24.97,25.33,63.0,6.02
Holme,100,DK,1583805929,100,56.11,10.17,41.0,6.93
Vyshestebliyevskaya,20,RU,1583805930,69,45.2,37.02,62.6,11.18
Korla,39,CN,1583805931,47,41.76,86.15,27.9,5.82
Yumen,0,CN,1583805932,18,40.28,97.2,34.93,19.17
Wrocław,21,PL,1583805933,86,51.1,17.03,39.99,9.17
Pontianak,3,ID,1583805935,50,-0.03,109.33,93.45,1.52
Port Hueneme,40,US,1583805638,48,34.15,-119.2,66.99,4.7
Pevek,100,RU,1583805937,94,69.7,170.31,-10.8,6.33
Tessalit,98,ML,1583805724,12,20.2,1.01,62.17,11.5
Caluquembe,79,AO,1583805939,91,-13.78,14.68,59.68,0.6
Inhambane,0,MZ,1583805940,82,-23.86,35.38,76.64,6.67
Ponnāni,40,IN,1583805941,78,10.77,75.93,80.6,3.36
Goundam,100,ML,1583805942,9,16.41,-3.67,71.82,16.13
Hearst,100,CA,1583805944,96,49.68,-83.67,8.89,4.21
Las Cruces,1,US,1583805744,54,32.31,-106.78,64.99,4.7
Kailua,90,US,1583805946,77,21.4,-157.74,78.8,8.05
Talaya,100,RU,1583805947,88,61.38,152.75,9.23,4.21
Lompoc,90,US,1583805948,45,34.64,-120.46,64.4,3.36
Malanje,100,AO,1583805949,99,-9.54,16.34,64.9,1.95
Shitanjing,0,CN,1583805950,18,39.23,106.34,36.27,4.81
Linqiong,92,CN,1583805951,81,30.42,103.46,53.01,2.24
Miles City,90,US,1583805953,60,46.41,-105.84,39.99,10.29
Redmond,20,US,1583805909,49,47.67,-122.12,48.99,3.36
Khanu Woralaksaburi,0,TH,1583805955,50,16.06,99.86,91.0,6.38
Yamaranguila,75,HN,1583805956,69,14.28,-88.25,77.0,24.16
Clyde River,1,CA,1583805957,73,70.47,-68.59,-31.0,3.36
Matamoros,90,MX,1583805958,28,25.53,-103.25,80.6,5.82
Ostrovnoy,72,RU,1583805959,87,68.05,39.51,35.11,25.32
Lokosovo,17,RU,1583805961,95,61.13,74.82,10.26,6.42
Egvekinot,99,RU,1583805962,99,66.32,-179.17,-15.54,5.37
Glyadyanskoye,93,RU,1583805963,96,54.91,65.09,28.74,6.91
Laguna,40,US,1583805964,48,38.42,-121.42,66.2,5.01
Onoda,75,JP,1583805965,100,34.0,131.18,55.99,2.24
Kingisepp,100,RU,1583805966,88,59.37,28.61,33.87,6.06
Chlórakas,40,CY,1583805967,67,34.8,32.41,60.8,14.99
Nanortalik,100,GL,1583805969,78,60.14,-45.24,23.72,14.7
Oistins,75,BB,1583805970,83,13.07,-59.53,75.2,20.8
High Rock,0,BS,1583805971,68,26.62,-78.28,71.28,25.08
Sovetskiy,95,RU,1583805972,95,61.36,63.58,27.28,10.85
Zabaykal'sk,0,RU,1583805973,88,49.63,117.32,12.6,9.19
Boat of Garten,100,GB,1583805974,93,57.25,-3.76,46.0,8.05
Buta,100,CD,1583805975,97,2.79,24.73,70.18,1.54
Erdenet,4,MN,1583805977,74,49.03,104.08,16.75,6.42
Borogontsy,100,RU,1583805978,91,62.67,131.17,4.62,9.82
Griffith,90,US,1583805939,100,41.53,-87.42,55.4,21.92
Livingston,90,GB,1583805980,93,55.9,-3.52,48.99,14.99
Baculin,52,PH,1583805981,63,7.45,126.58,80.51,6.82
Muzhi,100,RU,1583805982,88,65.37,64.67,27.09,15.35
Christchurch,100,NZ,1583805983,87,-43.53,172.63,66.0,14.99
Baker City,40,US,1583805780,60,44.77,-117.83,48.2,4.7
Longyearbyen,20,SJ,1583805799,63,78.22,15.64,-11.2,8.05
Daru,47,PG,1583805987,56,-9.08,143.21,91.94,8.14
Jelgava,98,LV,1583805988,84,56.65,23.71,32.0,6.93
Salalah,10,OM,1583805989,64,17.02,54.09,69.8,3.36
Acaraú,100,BR,1583805990,95,-2.89,-40.12,75.61,2.37
Saquarema,20,BR,1583805991,94,-22.92,-42.51,77.0,2.24
Warri,76,NG,1583805992,93,5.52,5.75,78.67,3.04
Khovd,100,MN,1583805993,39,48.01,91.64,26.64,6.73
Ust'-Kan,91,RU,1583805995,72,50.93,84.76,13.03,6.96
Juba,90,SS,1583805996,49,4.85,31.58,83.53,4.81
Nandurbar,0,IN,1583805997,63,21.37,74.25,72.77,12.17
Karratha,0,AU,1583805998,64,-20.74,116.85,85.95,5.46
Aksarka,100,RU,1583805999,94,66.56,67.8,24.44,17.09
Concepción del Uruguay,52,AR,1583806000,76,-32.48,-58.24,73.0,17.0
Nemuro,75,JP,1583806001,100,43.32,145.57,37.4,10.29
Batī,51,ET,1583806003,84,11.18,40.02,63.25,1.12
Rawson,33,AR,1583805869,64,-43.3,-65.1,66.25,24.16
Astoria,1,US,1583806008,61,46.19,-123.83,50.0,6.93
Puerto Carreño,0,CO,1583806009,41,6.19,-67.49,84.54,10.45
Santa Catarina de Tepehuanes,100,MX,1583806010,44,25.35,-105.73,57.83,4.63
San Jose,1,US,1583805891,48,37.34,-121.89,64.4,9.17
Gwanda,0,ZW,1583806012,77,-20.93,29.0,61.74,4.74
Stepnyak,100,KZ,1583806014,95,52.83,70.78,26.4,1.12
Chicama,75,PE,1583806015,83,-7.84,-79.15,73.4,9.17
Honningsvåg,96,NO,1583806016,84,70.98,25.97,36.91,8.28
Palmaner,81,IN,1583806017,73,13.2,78.75,75.72,4.23
Benjamin Constant,40,BR,1583806021,100,-4.38,-70.03,80.6,3.36
Smithers,90,CA,1583806022,44,54.78,-127.17,37.4,14.99
Itarema,100,BR,1583806023,95,-2.92,-39.92,75.61,2.37
Emerald,90,AU,1583806024,74,-23.53,148.17,81.0,10.29
Uttarkāshi,0,IN,1583806026,31,30.73,78.45,54.39,1.81
Homer,90,US,1583806027,79,59.64,-151.55,30.2,3.36
Dingzhou,0,CN,1583806028,42,38.51,115.0,48.2,2.24
Bastrop,90,US,1583806029,93,32.76,-91.87,64.4,10.29
Abhar,0,IR,1583806030,35,36.15,49.22,32.76,3.4
Coria,56,ES,1583806031,66,39.99,-6.54,51.01,3.04
Kantunilkín,75,MX,1583806032,64,21.09,-87.45,75.2,6.93
Caramay,0,PH,1583806034,67,10.18,119.24,82.78,7.54
Palmer,40,US,1583806035,33,42.16,-72.33,60.8,10.29
Skegness,75,GB,1583806036,87,53.14,0.34,53.01,17.22
Qaqortoq,97,GL,1583806037,49,60.72,-46.03,23.0,6.93
Avera,40,US,1583806038,77,33.19,-82.53,66.2,6.55
Matagami,90,CA,1583806039,92,49.75,-77.63,14.0,6.93
Canatlán,90,MX,1583806040,29,24.52,-104.78,66.99,4.7
Huercal Overa,0,ES,1583806041,57,37.39,-1.95,50.0,1.01
Kendari,94,ID,1583806043,81,-3.94,122.5,82.72,6.24
Lewistown,1,US,1583805781,32,40.6,-77.57,57.99,5.06
Esmeraldas,0,BR,1583805771,73,-19.76,-44.31,73.4,9.17
Sabha,0,LY,1583806046,25,27.04,14.43,49.62,3.38
Dul'durga,0,RU,1583806047,81,50.68,113.59,14.4,4.79
Udachny,95,RU,1583806026,67,66.42,112.4,-27.4,4.47
Fauske,75,NO,1583805989,80,67.26,15.39,41.0,10.29
Kiama,75,AU,1583806050,60,-34.68,150.87,75.0,12.75
Lebanon,75,US,1583805858,59,36.21,-86.29,63.0,10.29
Sarakhs,0,IR,1583806053,74,36.54,61.16,33.8,2.24
Sola,100,VU,1583806054,72,-13.88,167.55,85.73,9.62
Bartica,20,GY,1583806055,94,6.4,-58.62,75.2,6.93
Iquitos,90,PE,1583806056,94,-3.75,-73.25,77.0,2.24
Kanniyākumāri,62,IN,1583806057,77,8.08,77.57,80.71,18.32
Assiut,0,EG,1583806009,44,27.18,31.18,59.0,9.17
Dawei,0,MM,1583806059,72,14.08,98.2,78.17,2.95
Mabai,94,CN,1583806061,73,23.01,104.45,59.09,5.35
Xining,94,CN,1583806062,37,36.62,101.77,28.63,3.96
Bonavista,53,CA,1583806063,67,48.65,-53.11,10.0,23.0
Nagorsk,98,RU,1583806064,96,59.32,50.81,25.23,5.35
Buala,100,SB,1583806065,81,-8.14,159.59,83.19,11.88
Kaputa,100,ZM,1583806066,95,-8.47,29.66,65.43,0.63
Salekhard,100,RU,1583806068,85,66.53,66.6,27.39,18.45
Esim,100,GH,1583806069,91,4.87,-2.24,78.3,2.55
Mankera,13,PK,1583806070,48,31.39,71.44,65.62,4.54
Krasnosel'kup,0,RU,1583806071,92,65.7,82.47,-10.44,5.82
Banjar,20,ID,1583806072,84,-8.19,114.97,86.0,6.93
Hambantota,20,LK,1583805964,100,6.12,81.12,73.4,2.24
Paragominas,100,BR,1583806074,99,-2.97,-47.48,72.23,2.68
